{
  "invariance": {
    "raw_band_energy": {
      "gain": {
        "cosine": 0.999394345168945,
        "rel_l2": 0.05747567152162922
      },
      "rot_so3": {
        "cosine": 0.9562733784926437,
        "rel_l2": 0.25244744685402415
      },
      "rot_yaw": {
        "cosine": 0.9822597599923832,
        "rel_l2": 0.15687570738243514
      },
      "resample_30hz": {
        "cosine": 0.9962473613094429,
        "rel_l2": 0.09149681915131307
      },
      "time_warp": {
        "cosine": 0.9971824832717372,
        "rel_l2": 0.06637977028083919
      }
    },
    "grav_band_energy": {
      "gain": {
        "cosine": 0.998901460117406,
        "rel_l2": 0.06314233612415487
      },
      "rot_so3": {
        "cosine": 0.9999999999999887,
        "rel_l2": 2.9099447397409295e-16
      },
      "rot_yaw": {
        "cosine": 0.9999999999999887,
        "rel_l2": 2.666428554975424e-16
      },
      "resample_30hz": {
        "cosine": 0.995146644545229,
        "rel_l2": 0.10193690735410223
      },
      "time_warp": {
        "cosine": 0.9962956991886955,
        "rel_l2": 0.07509618362066908
      }
    },
    "eigen_ratios": {
      "gain": {
        "cosine": 0.9999999999995488,
        "rel_l2": 2.33274954750902e-15
      },
      "rot_so3": {
        "cosine": 0.9999999999995488,
        "rel_l2": 2.423227189256761e-15
      },
      "rot_yaw": {
        "cosine": 0.9999999999995488,
        "rel_l2": 2.3990278520682354e-15
      },
      "resample_30hz": {
        "cosine": 0.9373988102757872,
        "rel_l2": 0.23187779676598055
      },
      "time_warp": {
        "cosine": 0.9491271260440639,
        "rel_l2": 0.256857019208673
      }
    },
    "coherence": {
      "gain": {
        "cosine": 0.99999999999769,
        "rel_l2": 3.548761347225578e-15
      },
      "rot_so3": {
        "cosine": 0.9999999999976897,
        "rel_l2": 3.0929972953413244e-15
      },
      "rot_yaw": {
        "cosine": 0.9999999999976897,
        "rel_l2": 3.00560237808442e-15
      },
      "resample_30hz": {
        "cosine": 0.9909589003901466,
        "rel_l2": 0.10582161009375295
      },
      "time_warp": {
        "cosine": 0.9705589054210486,
        "rel_l2": 0.287202528819204
      }
    },
    "spectral_shape": {
      "gain": {
        "cosine": 0.9999999999999465,
        "rel_l2": 2.204862213576212e-08
      },
      "rot_so3": {
        "cosine": 0.9999999999999467,
        "rel_l2": 3.9952070391543607e-16
      },
      "rot_yaw": {
        "cosine": 0.9999999999999467,
        "rel_l2": 4.002445912689375e-16
      },
      "resample_30hz": {
        "cosine": 0.9989295732940067,
        "rel_l2": 0.07941581732820678
      },
      "time_warp": {
        "cosine": 0.999055876798761,
        "rel_l2": 0.06540027236429023
      }
    },
    "cadence": {
      "gain": {
        "cosine": 1.0,
        "rel_l2": 0.0
      },
      "rot_so3": {
        "cosine": 1.0,
        "rel_l2": 0.0
      },
      "rot_yaw": {
        "cosine": 1.0,
        "rel_l2": 0.0
      },
      "resample_30hz": {
        "cosine": 0.912981756439186,
        "rel_l2": 0.0910393805811312
      },
      "time_warp": {
        "cosine": 0.9790294456878333,
        "rel_l2": 0.02119355959256784
      }
    },
    "invariant_union": {
      "gain": {
        "cosine": 0.9988916925982022,
        "rel_l2": 0.05404210375408375
      },
      "rot_so3": {
        "cosine": 0.9999999999999923,
        "rel_l2": 3.81616586582918e-16
      },
      "rot_yaw": {
        "cosine": 0.9999999999999923,
        "rel_l2": 3.6465406811685376e-16
      },
      "resample_30hz": {
        "cosine": 0.9948783767230673,
        "rel_l2": 0.09991430624062733
      },
      "time_warp": {
        "cosine": 0.9957999882442635,
        "rel_l2": 0.08244334824234673
      }
    }
  },
  "discriminability": {
    "raw_band_energy": {
      "within_ba": 0.852581087458907,
      "xdataset_ba": 0.4582366071428572
    },
    "grav_band_energy": {
      "within_ba": 0.8066765296629017,
      "xdataset_ba": 0.5057068452380953
    },
    "eigen_ratios": {
      "within_ba": 0.47013645958782235,
      "xdataset_ba": 0.204985119047619
    },
    "coherence": {
      "within_ba": 0.36296150447818676,
      "xdataset_ba": 0.2097544642857143
    },
    "spectral_shape": {
      "within_ba": 0.4661861168410746,
      "xdataset_ba": 0.2790922619047619
    },
    "cadence": {
      "within_ba": 0.5790571836788942,
      "xdataset_ba": 0.3689880952380952
    },
    "invariant_union": {
      "within_ba": 0.7723008447796982,
      "xdataset_ba": 0.45563244047619045
    }
  },
  "n_windows": 1040,
  "streams": [
    "motionsense/phone_front_pocket",
    "pamap2/watch_wrist",
    "realworld/phone_waist",
    "shoaib/phone_right_pocket"
  ],
  "seed": 20260717
}