{
  "_baseline": "halo_evidence",
  "_dataset": "realworld",
  "_stream": "phone_waist",
  "_alignment": "non_harmonised",
  "_status": "complete",
  "metrics": {
    "f1_macro": 44.18472567003582,
    "balanced_accuracy": 50.175476366045615,
    "accuracy": 50.832072617246595,
    "f1_weighted": 42.41688567213126,
    "n_samples": 11237,
    "n_gt_classes": 8,
    "n_scored_classes": 8,
    "f1_macro_ci_lo": 41.10395695358429,
    "f1_macro_ci_hi": 47.618891434152765,
    "bootstrap_B": 1000,
    "n_subjects": 15,
    "ci_method": "subject_bootstrap",
    "ci_degenerate": false,
    "per_class_f1": {
      "climbingdown": 0.0,
      "climbingup": 0.0,
      "jumping": 76.11548556430446,
      "lying": 17.524024872809495,
      "running": 81.98880474152124,
      "sitting": 60.77416683916373,
      "standing": 66.726780883679,
      "walking": 50.34854245880862
    },
    "predicted_classes": [
      "jumping",
      "lying",
      "running",
      "sitting",
      "standing",
      "walking"
    ],
    "mechanism": "untrained-retrieval+text-ensemble"
  }
}