{
  "_baseline": "halo_evidence",
  "_dataset": "ut_complex",
  "_stream": "watch_wrist",
  "_alignment": "non_harmonised",
  "_status": "complete",
  "metrics": {
    "f1_macro": 54.943896173668996,
    "balanced_accuracy": 61.82051282051281,
    "accuracy": 61.82051282051282,
    "f1_weighted": 54.943896173668996,
    "n_samples": 3900,
    "n_gt_classes": 13,
    "n_scored_classes": 13,
    "f1_macro_ci_lo": 52.76264086312187,
    "f1_macro_ci_hi": 57.125151484216126,
    "n_subjects": 10,
    "n_folds": 10,
    "ci_method": "subject_groupkfold_loso",
    "ci_degenerate": false,
    "per_class_f1": {
      "biking": 99.49748743718592,
      "drinking_coffee": 35.83535108958838,
      "eating": 49.256198347107436,
      "jogging": 99.4991652754591,
      "sitting": 55.33980582524271,
      "smoking": 0.0,
      "standing": 40.544629349470505,
      "talking": 3.821656050955414,
      "typing": 82.40601503759399,
      "walking": 88.4310618066561,
      "walking_downstairs": 67.35632183908045,
      "walking_upstairs": 0.0,
      "writing": 92.28295819935691
    },
    "predicted_classes": [
      "biking",
      "drinking_coffee",
      "eating",
      "jogging",
      "sitting",
      "standing",
      "talking",
      "typing",
      "walking",
      "walking_downstairs",
      "writing"
    ],
    "mechanism": "untrained-retrieval+text-ensemble"
  }
}