{
  "_baseline": "halo_evidence",
  "_dataset": "shoaib",
  "_stream": "phone_right_pocket",
  "_alignment": "non_harmonised",
  "_status": "complete",
  "metrics": {
    "f1_macro": 51.461008507560656,
    "balanced_accuracy": 54.85714285714286,
    "accuracy": 54.85714285714286,
    "f1_weighted": 51.461008507560656,
    "n_samples": 2100,
    "n_gt_classes": 7,
    "n_scored_classes": 7,
    "f1_macro_ci_lo": 44.86815703448824,
    "f1_macro_ci_hi": 58.05385998063307,
    "n_subjects": 10,
    "n_folds": 10,
    "ci_method": "subject_groupkfold_loso",
    "ci_degenerate": false,
    "per_class_f1": {
      "cycling": 31.372549019607842,
      "jogging": 85.49618320610686,
      "sitting": 70.48984468339306,
      "standing": 43.90243902439025,
      "walking": 58.027079303675045,
      "walking_downstairs": 40.76655052264808,
      "walking_upstairs": 30.17241379310345
    },
    "predicted_classes": [
      "cycling",
      "jogging",
      "sitting",
      "standing",
      "walking",
      "walking_downstairs",
      "walking_upstairs"
    ],
    "mechanism": "untrained-retrieval+text-ensemble"
  }
}