{
  "_baseline": "harnet",
  "_dataset": "ut_complex",
  "_stream": "watch_wrist",
  "_alignment": "non_harmonised",
  "_status": "complete",
  "metrics": {
    "f1_macro": 32.612584094418736,
    "balanced_accuracy": 39.56410256410257,
    "accuracy": 39.56410256410257,
    "f1_weighted": 32.61258409441873,
    "n_samples": 3900,
    "n_gt_classes": 13,
    "n_scored_classes": 13,
    "f1_macro_ci_lo": 31.125621698641133,
    "f1_macro_ci_hi": 34.15112531963639,
    "bootstrap_B": 1000,
    "n_subjects": 10,
    "ci_degenerate": false,
    "per_class_f1": {
      "biking": 90.99236641221374,
      "drinking_coffee": 2.564102564102564,
      "eating": 9.00900900900901,
      "jogging": 92.1146953405018,
      "sitting": 27.51119641714651,
      "smoking": 3.582089552238806,
      "standing": 35.8843537414966,
      "talking": 0.6472491909385114,
      "typing": 0.0,
      "walking": 58.160237388724035,
      "walking_downstairs": 48.24120603015075,
      "walking_upstairs": 53.93258426966292,
      "writing": 1.3245033112582782
    },
    "reachable_nn_lb": [
      "biking",
      "drinking_coffee",
      "eating",
      "jogging",
      "sitting",
      "smoking",
      "standing",
      "talking",
      "typing",
      "walking",
      "walking_downstairs",
      "walking_upstairs",
      "writing"
    ],
    "reachability_lb": 1.0,
    "predicted_classes": [
      "biking",
      "drinking_coffee",
      "eating",
      "jogging",
      "sitting",
      "smoking",
      "standing",
      "talking",
      "typing",
      "walking",
      "walking_downstairs",
      "walking_upstairs",
      "writing"
    ],
    "n_predicted_classes": 13,
    "top_T": 10
  }
}