{
  "_baseline": "imagebind",
  "_dataset": "shoaib",
  "_stream": "phone_right_pocket",
  "_alignment": "non_harmonised",
  "_status": "complete",
  "metrics": {
    "f1_macro": 14.433066879750431,
    "balanced_accuracy": 20.523809523809522,
    "accuracy": 20.523809523809526,
    "f1_weighted": 14.433066879750427,
    "n_samples": 2100,
    "n_gt_classes": 7,
    "n_scored_classes": 7,
    "f1_macro_ci_lo": 11.756337230051688,
    "f1_macro_ci_hi": 16.828322987059348,
    "bootstrap_B": 1000,
    "n_subjects": 10,
    "ci_degenerate": false,
    "per_class_f1": {
      "cycling": 44.52759588400374,
      "jogging": 41.318681318681314,
      "sitting": 0.0,
      "standing": 0.0,
      "walking": 0.0,
      "walking_downstairs": 13.946800862688713,
      "walking_upstairs": 1.238390092879257
    },
    "predicted_classes": [
      "cycling",
      "jogging",
      "sitting",
      "standing",
      "walking",
      "walking_downstairs",
      "walking_upstairs"
    ]
  }
}