{
  "_baseline": "imagebind",
  "_dataset": "motionsense",
  "_stream": "phone_front_pocket",
  "_alignment": "non_harmonised",
  "_status": "complete",
  "metrics": {
    "f1_macro": 11.838337527717608,
    "balanced_accuracy": 18.575808672842484,
    "accuracy": 14.1155712395236,
    "f1_weighted": 10.037800536153018,
    "n_samples": 4534,
    "n_gt_classes": 6,
    "n_scored_classes": 6,
    "f1_macro_ci_lo": 9.389977838910982,
    "f1_macro_ci_hi": 14.140511642163032,
    "bootstrap_B": 1000,
    "n_subjects": 24,
    "ci_degenerate": false,
    "per_class_f1": {
      "jogging": 30.91168091168091,
      "sitting": 21.850079744816586,
      "standing": 0.0,
      "walking": 0.35682426404995543,
      "walking_downstairs": 11.07637338097365,
      "walking_upstairs": 6.8350668647845465
    },
    "predicted_classes": [
      "jogging",
      "sitting",
      "standing",
      "walking",
      "walking_downstairs",
      "walking_upstairs"
    ]
  }
}