{
  "_baseline": "unimts",
  "_dataset": "realworld",
  "_stream": "phone_waist",
  "_alignment": "non_harmonised",
  "_status": "complete",
  "metrics": {
    "f1_macro": 32.33854881889174,
    "balanced_accuracy": 44.2702990676345,
    "accuracy": 41.674824241345554,
    "f1_weighted": 30.857542502033525,
    "n_samples": 11237,
    "n_gt_classes": 8,
    "n_scored_classes": 8,
    "f1_macro_ci_lo": 30.821065083054737,
    "f1_macro_ci_hi": 33.87971021045768,
    "bootstrap_B": 1000,
    "n_subjects": 15,
    "ci_degenerate": false,
    "per_class_f1": {
      "climbingdown": 1.5661707126076743,
      "climbingup": 2.261306532663317,
      "jumping": 60.24844720496895,
      "lying": 2.33781414377557,
      "running": 79.69924812030075,
      "sitting": 46.03564843269822,
      "standing": 10.754912099276112,
      "walking": 55.80484330484331
    },
    "predicted_classes": [
      "climbingdown",
      "climbingup",
      "jumping",
      "lying",
      "running",
      "sitting",
      "standing",
      "walking"
    ]
  }
}